{
  "cluster_0": {
    "centroid": [
      0.03105520629767657,
      0.0057931249999999546,
      0.003885995565844916,
      0.0,
      0.0020924122927078737,
      0.0017156083588421578,
      0.007629375000000001,
      0.0009225000000000001,
      0.09201128807897635,
      0.002109952186973796
    ],
    "feature_keys": [
      "blk_p95_latency",
      "cpu",
      "ctx_switch_rate",
      "direct_reclaim_rate",
      "failures",
      "fork_rate",
      "io",
      "mem",
      "p95_latency",
      "throughput"
    ],
    "feature_norms": [
      50000.0,
      100.0,
      100000.0,
      100.0,
      100.0,
      1000.0,
      100.0,
      100.0,
      10000.0,
      10000.0
    ],
    "best_config": {
      "sysctl_vm_swappiness": 58,
      "sysctl_vm_watermark_scale_factor": 414,
      "sysctl_vm_min_free_kbytes": 858711,
      "sysctl_kernel_sched_cfs_bandwidth_slice_us": 21414,
      "sysctl_vm_vfs_cache_pressure": 204,
      "sysctl_vm_dirty_expire_centisecs": 4653,
      "sysctl_vm_dirty_writeback_centisecs": 1063,
      "sysctl_vm_dirty_bytes": 242871023,
      "sysctl_net_core_somaxconn": 167,
      "sysctl_net_core_netdev_max_backlog": 5894,
      "sysctl_net_core_rmem_max": 6221447,
      "sysctl_net_core_wmem_max": 7847277,
      "sysctl_net_ipv4_tcp_fin_timeout": 112,
      "sysctl_net_ipv4_tcp_notsent_lowat": 972564,
      "sysctl_net_ipv4_tcp_tw_reuse": 0,
      "sysctl_net_ipv4_tcp_slow_start_after_idle": 1
    },
    "observed_best_config": {
      "sysctl_vm_swappiness": 61,
      "sysctl_vm_watermark_scale_factor": 145,
      "sysctl_vm_min_free_kbytes": 322195,
      "sysctl_kernel_sched_cfs_bandwidth_slice_us": 17361,
      "sysctl_vm_vfs_cache_pressure": 65,
      "sysctl_vm_dirty_expire_centisecs": 2598,
      "sysctl_vm_dirty_writeback_centisecs": 653,
      "sysctl_vm_dirty_bytes": 157571052,
      "sysctl_net_core_somaxconn": 184,
      "sysctl_net_core_netdev_max_backlog": 2790,
      "sysctl_net_core_rmem_max": 11995819,
      "sysctl_net_core_wmem_max": 13301637,
      "sysctl_net_ipv4_tcp_fin_timeout": 77,
      "sysctl_net_ipv4_tcp_notsent_lowat": 1943801,
      "sysctl_net_ipv4_tcp_tw_reuse": 1,
      "sysctl_net_ipv4_tcp_slow_start_after_idle": 1
    },
    "observed_best_reward": 1.823284,
    "n_observations": 80
  },
  "cluster_1": {
    "centroid": [
      0.06518184609221887,
      0.59863125,
      0.516626182717684,
      0.0,
      0.9922291005545987,
      0.0028083003225363567,
      0.255784375,
      0.001509375,
      0.34947660534274194,
      0.9999999999999997
    ],
    "feature_keys": [
      "blk_p95_latency",
      "cpu",
      "ctx_switch_rate",
      "direct_reclaim_rate",
      "failures",
      "fork_rate",
      "io",
      "mem",
      "p95_latency",
      "throughput"
    ],
    "feature_norms": [
      50000.0,
      100.0,
      100000.0,
      100.0,
      100.0,
      1000.0,
      100.0,
      100.0,
      10000.0,
      10000.0
    ],
    "best_config": {
      "sysctl_vm_swappiness": 47,
      "sysctl_vm_watermark_scale_factor": 29,
      "sysctl_vm_min_free_kbytes": 984646,
      "sysctl_kernel_sched_cfs_bandwidth_slice_us": 28244,
      "sysctl_vm_vfs_cache_pressure": 111,
      "sysctl_vm_dirty_expire_centisecs": 893,
      "sysctl_vm_dirty_writeback_centisecs": 974,
      "sysctl_vm_dirty_bytes": 366928491,
      "sysctl_net_core_somaxconn": 264,
      "sysctl_net_core_netdev_max_backlog": 9785,
      "sysctl_net_core_rmem_max": 7933898,
      "sysctl_net_core_wmem_max": 4095670,
      "sysctl_net_ipv4_tcp_fin_timeout": 22,
      "sysctl_net_ipv4_tcp_notsent_lowat": 1355903,
      "sysctl_net_ipv4_tcp_tw_reuse": 0,
      "sysctl_net_ipv4_tcp_slow_start_after_idle": 0
    },
    "observed_best_config": {
      "sysctl_vm_swappiness": 1,
      "sysctl_vm_watermark_scale_factor": 472,
      "sysctl_vm_min_free_kbytes": 597806,
      "sysctl_kernel_sched_cfs_bandwidth_slice_us": 39156,
      "sysctl_vm_vfs_cache_pressure": 65,
      "sysctl_vm_dirty_expire_centisecs": 1462,
      "sysctl_vm_dirty_writeback_centisecs": 437,
      "sysctl_vm_dirty_bytes": 366826903,
      "sysctl_net_core_somaxconn": 2548,
      "sysctl_net_core_netdev_max_backlog": 8499,
      "sysctl_net_core_rmem_max": 3084643,
      "sysctl_net_core_wmem_max": 6690608,
      "sysctl_net_ipv4_tcp_fin_timeout": 30,
      "sysctl_net_ipv4_tcp_notsent_lowat": 1588116,
      "sysctl_net_ipv4_tcp_tw_reuse": 0,
      "sysctl_net_ipv4_tcp_slow_start_after_idle": 0
    },
    "observed_best_reward": -173.849149,
    "n_observations": 16
  }
}